"id","polpp","favD_1","favR_1","likD_1","likR_1","polth_1","polth_2","age","race","sex","con","lib","seto","ent","sent","sep","sxp","lik","fav","thm","polr","int","newTV","newNP","smu","smnu","nag","nex","pexp","pp","pie"
171,4,5,5,4,5,39,48,7,1,1,0,0,0,1,4,5,0,1,0,0.63,0.543333333333333,6,-2,7,3.66666666666667,2,3.25,6.33333333333333,0,2,5
138,7,1,7,1,7,13,100,6,1,2,2,2,0,1,4,5.5,0,6,6,6.09,6.03,4.75,0.333333333333333,0,6.5,10,4.25,3,8,0,4.25
129,6,2,6,2,6,10,65,5,1,2,1,1,0,0,5,4,0,4,4,3.85,3.95,5.5,-2,3,6.16666666666667,15,4.5,4.66666666666667,0,0,4.25
177,6,1,7,2,6,22,73,4,1,1,0,1,1,0,6,1,1,4,6,3.57,4.52333333333333,2.25,-2,0,3.33333333333333,6,3,5.33333333333333,0,0,1.5
11,1,6,1,5,1,89,0,4,1,1,1,0,1,3,3,5,5,4,5,6.23,5.07666666666667,6.25,-2,0,5.5,11,5.5,6,11,0,6.25
297,2,5,2,6,3,89,30,8,1,2,0,1,1,1,5,4.5,4.5,3,3,4.13,3.37666666666667,6.25,-2,5,5.5,17,4,6.33333333333333,10,1,5.25
125,2,6,2,6,2,71,21,5,1,2,1,0,1,0,6,0,0,4,4,3.5,3.83333333333333,2.75,-2,1,6.5,10,3.25,3,1,0,2
310,2,4,2,5,3,39,50,6,1,2,1,0,1,0,6,5,5,2,2,0.77,1.59,6.75,-2,4,6.16666666666667,20,4,7,21,0,4.5
182,4,1,1,1,1,10,20,6,1,1,0,2,2,2,5,6,12,0,0,0.7,0.233333333333333,5.25,-1,7,5.33333333333333,5,2.5,6,23,7,6
289,4,5,5,5,5,58,50,4,1,2,3,1,2,2,5,7,14,0,0,0.56,0.186666666666667,4.5,0,2,5.33333333333333,8,3.5,3.33333333333333,0,0,2.5
118,7,1,7,1,7,0,100,4,1,2,2,2,0,2,3,6.5,0,6,6,7,6.33333333333333,7,0.333333333333333,6,6.33333333333333,18,5,5.33333333333333,14,6,6.75
1,6,3,5,4,5,50,75,4,1,2,1,0,1,0,6,3,3,1,2,1.75,1.58333333333333,4,0.666666666666667,0,5.5,4,3.75,3.66666666666667,5,7,2.5
90,2,6,2,6,3,88,35,10,3,2,0,1,1,0,6,7,7,3,4,3.71,3.57,5.25,1,2,5.83333333333333,13,3.5,4.33333333333333,4,3,4.25
340,6,3,6,3,6,35,65,5,1,1,1,1,0,1,4,4,0,3,3,2.1,2.7,6,-0.333333333333333,1,5.33333333333333,16,4.75,2,1,0,4.5
44,4,4,4,4,4,50,50,4,1,2,2,0,2,0,7,0,0,0,0,0,0,2.25,-2,0,5.16666666666667,12,4.25,2,10,0,3.25
211,7,1,7,1,7,6,94,4,1,2,3,0,3,2,6,0,0,6,6,6.16,6.05333333333333,6.25,2,2,6.16666666666667,13,2.25,5.66666666666667,0,0,6.25
52,6,4,6,4,6,50,80,5,1,1,2,1,1,2,4,4,4,2,2,2.1,2.03333333333333,5.75,-2,3,4,11,4,5,3,0,5.5
272,1,7,1,7,1,100,21,7,1,2,1,2,1,2,4,6.4,6.4,6,6,5.53,5.84333333333333,7,-1.33333333333333,6,5,16,6,5.66666666666667,2,5,7
190,7,1,7,2,6,29,86,6,1,1,1,2,1,1,5,6,6,4,6,3.99,4.66333333333333,5.25,-1.33333333333333,5,5.5,5,4.5,4.33333333333333,19,10,4.25
115,1,6,3,6,3,80,20,5,1,1,1,1,0,2,3,5.5,0,3,3,4.2,3.4,5.75,-2,2,3.66666666666667,10,6,4.66666666666667,1,0,5.75
174,2,4,1,4,4,0,0,6,1,1,1,0,1,0,6,0,0,0,3,0,1,3.75,-2,0,5.33333333333333,8,3.75,3.66666666666667,0,0,3.75
110,6,3,5,3,5,40,56,5,1,1,1,0,1,0,6,0,0,2,2,1.12,1.70666666666667,5.25,-1.66666666666667,2,4.16666666666667,11,3.5,2.66666666666667,2,0,4.75
120,4,2,4,4,4,38,76,15,1,2,2,2,0,1,4,4.5,0,0,2,2.66,1.55333333333333,5.25,3,2,5,8,3.5,2,5,0,1.75
132,4,4,4,4,4,50,50,4,1,2,0,1,1,0,6,4,4,0,0,0,0,4.5,-2,3,3.33333333333333,1,4.5,5.66666666666667,0,0,3.5
343,7,1,7,1,7,0,100,4,1,2,3,2,1,3,3,3.8,3.8,6,6,7,6.33333333333333,4.5,1,1,4.16666666666667,2,4,3.33333333333333,8,1,5
108,4,2,1,2,1,31,30,4,1,2,1,0,1,0,6,4,4,1,1,0.07,0.69,6,0.333333333333333,5,6.83333333333333,19,4.5,4.33333333333333,12,6,6
298,2,5,3,5,3,60,40,4,1,1,1,1,0,1,4,5,0,2,2,1.4,1.8,5.75,-1,4,4,11,3.5,4.33333333333333,4,0,3.25
41,7,2,6,1,7,10,90,6,1,1,2,2,0,2,3,7,0,6,4,5.6,5.2,6.5,0,2,5.83333333333333,1,3.5,3.66666666666667,4,1,6.25
57,4,6,2,5,1,76,8,7,1,2,0,2,2,0,7,7,14,4,4,4.76,4.25333333333333,6,-2,7,5.83333333333333,15,3.25,5.66666666666667,11,4,5.75
18,4,2,1,3,4,0,0,5,1,1,0,0,0,1,4,0,0,1,1,0,0.666666666666667,1.75,-2,0,4.5,10,3.75,3.66666666666667,0,0,1
181,4,5,3,2,2,56,44,4,1,1,2,1,1,1,5,7,7,0,2,0.84,0.946666666666667,6.75,-1.66666666666667,7,6.33333333333333,12,3.25,7,18,0,6
33,4,4,4,4,4,65,50,6,3,1,1,2,1,0,6,3,3,0,0,1.05,0.35,6,-1,4,3,10,2.75,6.33333333333333,0,0,6.25
152,4,3,4,3,4,40,60,5,1,1,2,1,1,1,5,2,2,1,1,1.4,1.13333333333333,5.75,-2,0,4.83333333333333,6,3.5,4,1,0,4.25
111,6,3,5,3,5,40,75,4,1,2,2,1,1,1,5,4.5,4.5,2,2,2.45,2.15,5.25,-2,0,4.66666666666667,15,4,5,0,0,4.5
21,4,4,4,4,4,49,50,6,4,1,1,0,1,0,6,0,0,0,0,0.07,0.0233333333333333,2.75,-1.66666666666667,0,3.83333333333333,3,4,3.66666666666667,2,0,1.75
148,4,3,5,5,4,51,63,5,1,1,2,1,1,1,5,4,4,1,2,0.84,1.28,4.5,-0.333333333333333,3,5.16666666666667,3,3.25,2.66666666666667,5,0,2.25
68,4,6,2,6,2,71,19,5,1,2,2,2,0,1,4,4.25,0,4,4,3.64,3.88,6,1,3,5.66666666666667,16,3.5,5.66666666666667,13,0,5
149,4,6,3,6,3,71,34,5,1,2,2,0,2,2,5,5.5,11,3,3,2.59,2.86333333333333,4.75,-1.66666666666667,1,4.16666666666667,12,3.25,4.33333333333333,0,0,2
253,6,3,5,2,6,28,71,6,1,2,3,2,1,1,5,4,4,4,2,3.01,3.00333333333333,3.5,1.66666666666667,5,5.83333333333333,15,2.25,4.33333333333333,7,0,2
300,4,4,4,4,4,50,61,5,1,2,1,1,0,2,3,6,0,0,0,0.77,0.256666666666667,2.5,-2,1,5.33333333333333,9,4.25,2.66666666666667,6,0,2
308,2,6,3,6,3,80,50,8,7,2,2,2,0,1,4,4.66666666666667,0,3,3,2.1,2.7,4.75,-1,1,6.33333333333333,16,3.5,2.33333333333333,4,0,3
320,7,2,6,2,7,10,100,5,1,2,0,1,1,0,6,2,2,5,4,6.3,5.1,6.5,-2,0,4.66666666666667,12,4.25,3.33333333333333,2,0,4.25
109,6,3,5,3,5,40,82,6,1,2,2,3,1,2,4,5.33333333333333,5.33333333333333,2,2,2.94,2.31333333333333,5.5,-2,0,6,17,4,6.66666666666667,7,0,3.5
119,6,1,7,1,7,10,90,5,1,2,2,1,1,0,6,3.5,3.5,6,6,5.6,5.86666666666667,6,-1.33333333333333,5,5.83333333333333,18,4.75,6.33333333333333,8,0,5
151,6,4,5,5,5,72,87,5,1,1,1,0,1,0,6,0,0,0,1,1.05,0.683333333333333,4,-1.33333333333333,0,4.33333333333333,9,4.5,4,0,0,2.5
124,7,2,7,2,7,25,93,5,1,2,1,1,0,0,5,7,0,5,5,4.76,4.92,6.75,-1,2,4.66666666666667,16,3.5,3.66666666666667,6,0,4.25
97,6,5,5,5,5,54,56,5,1,2,2,1,1,3,3,3.66666666666667,3.66666666666667,0,0,0.14,0.0466666666666667,4.5,-1.66666666666667,4,5.33333333333333,15,4,4.33333333333333,0,0,2.75
273,6,4,4,4,4,50,50,6,1,2,0,3,3,0,8,5.33333333333333,16,0,0,0,0,5.25,-0.333333333333333,7,5.33333333333333,14,3.5,4.66666666666667,2,0,3.75
197,4,4,4,3,5,29,50,4,7,2,2,2,0,1,4,4.75,0,2,0,1.47,1.15666666666667,6.75,-1,0,5,13,4,6.33333333333333,6,1,6.25
286,4,6,6,6,6,50,50,4,1,1,1,3,2,2,5,4.83333333333333,9.66666666666667,0,0,0,0,6.5,-2,6,5.5,15,2.75,6,2,3,6.25
196,4,3,3,3,3,30,29,5,2,1,1,1,0,0,5,3,0,0,0,0.07,0.0233333333333333,2,-2,2,3,13,3,4.33333333333333,0,0,1.75
117,4,1,1,1,1,0,0,6,7,1,1,1,0,0,5,3,0,0,0,0,0,4.75,-1.66666666666667,7,7,20,4,7,31,0,6.25
126,4,5,3,6,3,77,53,5,1,2,2,1,1,2,4,6,6,3,2,1.68,2.22666666666667,5.25,0,4,5.66666666666667,15,4,4.33333333333333,20,0,4.25
73,2,6,2,6,2,80,10,5,1,2,2,0,2,1,6,5,10,4,4,4.9,4.3,5.25,-2,1,5.66666666666667,12,3,3.66666666666667,1,0,1.75
252,6,2,6,2,5,18,75,4,1,2,1,0,1,0,6,0,0,3,4,3.99,3.66333333333333,2.75,-2,3,6.16666666666667,14,4,3.33333333333333,1,2,2
333,1,4,1,5,1,51,0,6,1,3,1,3,2,2,5,6.5,13,4,3,3.57,3.52333333333333,7,-2,4,5.5,18,5.75,3.33333333333333,26,0,7
251,2,5,1,7,1,75,10,5,1,2,2,2,0,2,3,5.5,0,6,4,4.55,4.85,6.25,-1.33333333333333,5,6.33333333333333,18,4.25,6,13,2,4.25
203,1,6,2,6,2,85,20,5,2,2,0,1,1,0,6,4,4,4,4,4.55,4.18333333333333,3.75,-2,0,6.16666666666667,18,6,6.33333333333333,6,2,2.5
72,1,7,2,7,1,95,9,4,1,2,2,2,0,1,4,7,0,6,5,6.02,5.67333333333333,6.25,-2,3,6.5,16,5.5,7,11,11,5.75
262,6,4,5,3,5,43,73,8,1,2,0,0,0,1,4,7,0,2,1,2.1,1.7,5.25,1,2,6.33333333333333,16,4,4,3,0,5
169,6,1,7,1,7,19,81,7,1,2,0,2,2,1,6,4,8,6,6,4.34,5.44666666666667,5.25,0.666666666666667,5,5.33333333333333,-1,4,2.33333333333333,3,0,3
188,2,7,1,7,1,100,0,4,3,2,4,1,3,0,8,4,12,6,6,7,6.33333333333333,5.25,-2,0,6,15,4.5,6.33333333333333,5,0,4.5
241,6,3,5,3,5,49,50,4,1,2,1,2,1,1,5,4,4,2,2,0.07,1.35666666666667,3,-2,1,4,10,2.75,1,0,0,1
245,2,6,4,6,4,81,55,5,1,1,1,2,1,2,4,4,4,2,2,1.82,1.94,5.25,0,1,6,0,4.75,3.66666666666667,2,0,3
100,6,1,6,1,6,0,65,5,1,2,1,0,1,0,6,0,0,5,5,4.55,4.85,1.75,-1,0,5.66666666666667,10,3.5,3.33333333333333,1,0,3
4,6,1,6,1,6,12,82,4,1,2,1,1,0,0,5,6,0,5,5,4.9,4.96666666666667,4.25,-1,1,5,16,4.5,4,2,0,4
163,1,6,1,6,1,81,8,6,4,2,1,2,1,1,5,4.75,4.75,5,5,5.11,5.03666666666667,6.5,-2,7,5.16666666666667,18,4.25,5.66666666666667,2,6,5.25
99,2,6,1,6,1,80,10,8,1,2,0,0,0,1,4,4,0,5,5,4.9,4.96666666666667,5.5,-2,3,5.16666666666667,7,4.25,6.66666666666667,3,1,3.25
263,4,3,5,3,4,38,76,8,1,1,2,3,1,2,4,5.16666666666667,5.16666666666667,1,2,2.66,1.88666666666667,6,-0.333333333333333,4,6,13,3.5,6,11,3,5
166,6,1,7,2,7,9,71,6,1,2,1,1,0,1,4,5,0,5,6,4.34,5.11333333333333,2.5,-2,0,4.83333333333333,9,6.25,4.33333333333333,0,0,1.5
260,2,5,4,5,3,70,40,5,1,2,2,1,1,1,5,6,6,2,1,2.1,1.7,3.5,-1.33333333333333,1,6,13,4,3.33333333333333,1,0,1.25
24,4,4,5,4,5,35,65,7,1,1,2,2,0,1,4,5,0,1,1,2.1,1.36666666666667,5.5,1.66666666666667,5,2.33333333333333,5,4.5,3.66666666666667,2,0,5.5
168,2,6,5,6,4,70,30,5,1,2,0,1,1,1,5,5.5,5.5,2,1,2.8,1.93333333333333,6.5,-2,7,4,15,4,6.66666666666667,9,0,6
318,1,7,1,7,1,100,0,6,1,2,1,1,0,0,5,4,0,6,6,7,6.33333333333333,5.25,-1.33333333333333,5,6.66666666666667,15,2,3,8,2,3
291,6,2,6,2,6,29,84,5,1,1,1,2,1,1,5,4,4,4,4,3.85,3.95,6,-0.333333333333333,2,5.5,10,4,5.66666666666667,1,0,5.25
249,6,2,6,2,6,20,80,4,1,2,1,2,1,0,6,4,4,4,4,4.2,4.06666666666667,6,-2,5,4.16666666666667,14,4.75,6,2,9,5
193,1,7,1,7,1,90,10,5,1,2,0,0,0,1,4,7,0,6,6,5.6,5.86666666666667,6.25,-1,2,6.83333333333333,15,5.25,4,1,0,4.75
208,6,2,6,3,6,30,75,4,1,2,1,0,1,1,5,0,0,3,4,3.15,3.38333333333333,6.5,-2,0,5,8,3.5,3.33333333333333,3,0,4
234,2,6,2,6,2,84,19,8,1,2,0,1,1,1,5,1,1,4,4,4.55,4.18333333333333,6.25,2.66666666666667,0,5.83333333333333,9,4,6,9,0,4.5
176,4,4,4,4,4,20,20,4,2,1,2,2,0,0,5,5,0,0,0,0,0,4.25,-1,3,4.16666666666667,8,2.75,4.33333333333333,2,2,1.75
62,1,7,1,7,1,100,0,5,1,2,0,2,2,0,7,7,14,6,6,7,6.33333333333333,6.25,-2,3,6.5,20,5.75,6,2,1,5.75
294,2,6,3,6,2,80,20,8,1,2,2,1,1,1,5,4,4,4,3,4.2,3.73333333333333,6.75,-1,7,6.33333333333333,20,4.5,6,24,10,5.75
315,6,1,1,4,4,50,50,6,1,2,2,0,2,2,5,0,0,0,0,0,0,1,-2,0,6.33333333333333,0,3.5,3.66666666666667,0,0,1
225,6,1,6,2,6,16,80,8,1,2,1,1,0,0,5,5,0,4,5,4.48,4.49333333333333,6.5,1,3,6.16666666666667,14,3.25,5,15,10,4.5
189,4,4,4,4,4,51,49,4,4,1,2,2,0,1,4,3.5,0,0,0,0.14,0.0466666666666667,4.75,-0.666666666666667,0,5,13,3.75,3,3,1,3.75
247,6,4,4,4,4,18,39,8,1,2,1,2,1,3,3,4.6,4.6,0,0,1.47,0.49,4.5,-0.333333333333333,5,6.16666666666667,17,3.25,6.33333333333333,1,0,1
267,2,7,4,7,4,66,50,8,1,1,2,1,1,1,5,7,7,3,3,1.12,2.37333333333333,7,-0.666666666666667,5,5.66666666666667,16,4.5,5,9,0,6
274,7,3,6,3,6,39,81,4,1,2,2,0,2,0,7,0,0,3,3,2.94,2.98,4.25,-1.66666666666667,0,6.33333333333333,10,4.25,3.66666666666667,0,0,4.75
38,2,6,2,6,3,69,18,5,1,2,0,1,1,0,6,6,6,3,4,3.57,3.52333333333333,4.5,-2,1,4.16666666666667,16,5,4.66666666666667,12,0,1.5
222,4,5,3,5,4,60,40,5,1,2,1,1,0,2,3,6.25,0,1,2,1.4,1.46666666666667,7,3,1,5.66666666666667,15,4,6,5,0,6
170,4,5,4,5,4,54,46,4,1,2,0,1,1,0,6,2,2,1,1,0.56,0.853333333333333,2,-2,0,4.83333333333333,1,4,2,1,0,2
134,6,1,5,2,6,10,80,5,7,2,2,1,1,0,6,1,1,4,4,4.9,4.3,4.5,0,1,4.66666666666667,12,4.5,3.33333333333333,7,3,2.25
239,2,5,3,6,3,71,29,8,1,2,2,1,1,0,6,3.5,3.5,3,2,2.94,2.64666666666667,3.5,1,3,6.33333333333333,12,4,4,4,0,2
155,4,2,5,4,5,70,75,7,1,1,2,0,2,1,6,0,0,1,3,0.35,1.45,6.25,-2,7,4.66666666666667,4,4.25,4.33333333333333,4,0,3.75
256,2,5,NA,5,3,55,37,5,1,1,0,2,2,1,6,5.66666666666667,11.3333333333333,2,NA,1.26,NA,6,-2,7,2.33333333333333,2,4,3.66666666666667,0,1,3.25
116,4,3,1,4,1,60,1,6,1,1,0,1,1,0,6,4,4,3,2,4.13,3.04333333333333,6,-2,1,4.16666666666667,10,3.25,3,5,3,4.75
279,4,5,1,6,1,50,1,5,7,2,1,1,0,1,4,7,0,5,4,3.43,4.14333333333333,4.75,-0.666666666666667,3,6,13,3,7,8,0,4
350,1,6,1,6,2,93,30,4,1,1,1,1,0,0,5,4.5,0,4,5,4.41,4.47,3.5,-2,1,4.83333333333333,9,3.5,4.66666666666667,1,0,3.25
86,6,3,5,NA,6,31,78,9,1,2,1,1,0,0,5,4,0,NA,2,3.29,NA,4.25,0,2,3.66666666666667,-1,3.75,3.33333333333333,0,0,1.25
277,2,7,2,7,2,100,6,6,3,2,1,1,0,0,5,4,0,5,5,6.58,5.52666666666667,6.25,NA,NA,4.83333333333333,12,4,4.33333333333333,17,0,6
235,6,2,5,3,5,20,60,5,1,2,1,0,1,0,6,3,3,2,3,2.8,2.6,7,5,7,6.16666666666667,16,3,5.33333333333333,1,0,4.5
323,6,3,6,4,7,23,87,5,1,1,3,1,2,0,7,5,10,3,3,4.48,3.49333333333333,6.25,-2,2,6.33333333333333,18,4.25,3,2,0,4.25
130,1,7,2,7,2,100,2,7,2,1,3,1,2,2,5,6.5,13,5,5,6.86,5.62,7,5,7,4.83333333333333,17,4,6.33333333333333,35,7,5.75
27,NA,5,2,5,4,72,70,9,6,2,2,0,2,1,6,5,10,1,3,0.14,1.38,3.5,0,3,3.83333333333333,11,3,2.66666666666667,20,21,4.75
133,7,1,7,1,7,29,96,6,1,2,1,2,1,3,3,5,5,6,6,4.69,5.56333333333333,6.5,0,4,3.33333333333333,9,2.5,6,2,0,6.5
271,4,4,4,4,4,60,40,6,1,1,1,0,1,0,6,0,0,0,0,1.4,0.466666666666667,2.75,-2,0,5,5,2.75,5.66666666666667,1,0,3.25
332,6,4,4,4,4,50,70,6,1,1,1,0,1,0,6,0,0,0,0,1.4,0.466666666666667,4.75,-0.666666666666667,3,4.66666666666667,13,4.25,4.66666666666667,2,0,2.75
160,6,4,4,4,6,38,74,5,3,2,1,0,1,2,4,4,4,2,0,2.52,1.50666666666667,5.75,-0.333333333333333,5,4.66666666666667,2,4.25,2,1,0,4
56,2,6,3,6,3,80,40,4,3,2,1,1,0,0,5,3.5,0,3,3,2.8,2.93333333333333,5.5,-0.666666666666667,3,5.66666666666667,15,3.5,6,2,0,3.5
349,2,5,3,7,2,100,13,4,1,1,1,1,0,0,5,3,0,5,2,6.09,4.36333333333333,5,-1,2,5.16666666666667,13,3.75,5,17,3,4.5
64,4,4,5,4,5,46,60,7,1,2,2,2,0,1,4,5.5,0,1,1,0.98,0.993333333333333,3.75,-2,1,5.5,11,4.25,5,3,0,2.25
79,6,3,3,4,4,29,39,6,1,1,0,2,2,2,5,1.66666666666667,3.33333333333333,0,0,0.7,0.233333333333333,5.5,-1,1,3.5,3,4,4.33333333333333,0,0,4.25
78,4,3,3,2,2,48,48,5,1,1,0,2,2,1,6,4.66666666666667,9.33333333333333,0,0,0,0,5.75,0.333333333333333,7,4.33333333333333,5,3.75,6.66666666666667,3,0,6
306,1,6,2,6,2,85,18,5,1,1,2,2,0,2,3,5.25,0,4,4,4.69,4.23,7,-2,5,5.33333333333333,20,4.25,5,5,0,6.5
29,1,7,1,7,1,90,0,4,3,2,0,0,0,1,4,5,0,6,6,6.3,6.1,6.75,-2,0,6,15,3.5,5,0,0,4.5
204,4,4,4,4,3,40,50,8,1,1,0,0,0,1,4,0,0,1,0,0.7,0.566666666666667,4.25,0.333333333333333,4,4.16666666666667,5,3.75,3.33333333333333,0,0,4.5
85,6,2,5,3,5,1,80,5,1,2,1,2,1,2,4,4.75,4.75,2,3,5.53,3.51,5.25,-1,1,4.33333333333333,9,3.5,3,0,0,4
246,6,2,6,2,5,11,79,5,1,1,1,0,1,0,6,0,0,3,4,4.76,3.92,5.75,0,4,4.66666666666667,13,3.25,5,0,0,4
58,4,4,4,4,4,50,50,6,1,2,2,0,2,0,7,0,0,0,0,0,0,4.25,-1,3,6.16666666666667,16,4,3.66666666666667,0,0,3
7,1,4,4,4,4,70,30,5,4,1,2,3,1,2,4,4,4,0,0,2.8,0.933333333333333,4.75,0.333333333333333,6,6.83333333333333,13,4,3.66666666666667,6,2,4
2,4,3,4,4,4,42,40,5,1,1,1,0,1,0,6,0,0,0,1,0.14,0.38,3.75,1,3,4,11,4,3.66666666666667,24,33,5
348,4,6,5,5,4,80,8,9,4,1,2,1,1,1,5,6,6,1,1,5.04,2.34666666666667,4.75,4,7,6.5,18,3.75,3.66666666666667,25,37,5.75
319,4,6,6,6,6,25,91,10,4,1,3,0,3,1,7,6,18,0,0,4.62,1.54,5.25,4.66666666666667,6,6.5,18,4,3.33333333333333,35,49,6.5
70,6,2,6,2,6,30,75,4,1,2,1,2,1,1,5,4.5,4.5,4,4,3.15,3.71666666666667,6.25,NA,2,6.16666666666667,12,3.5,4.33333333333333,2,0,5.25
335,6,2,2,2,3,40,40,5,1,1,2,1,1,2,4,3.33333333333333,3.33333333333333,1,0,0,0.333333333333333,5,-2,3,5.66666666666667,3,4.25,6,2,0,5.75
351,4,4,4,4,4,50,50,4,1,2,1,1,0,0,5,4,0,0,0,0,0,1.25,0,3,5.83333333333333,12,3.5,6,0,0,2.25
207,2,4,3,4,4,54,52,5,1,2,0,2,2,2,5,4.25,8.5,0,1,0.14,0.38,6,3,3,3.83333333333333,8,3.5,5.66666666666667,0,0,3.25
61,2,5,2,5,2,83,5,4,1,2,1,0,1,0,6,6,6,3,3,5.46,3.82,6,-1.33333333333333,7,6.66666666666667,16,4.25,5,3,1,4.25
228,2,6,2,6,2,75,16,4,1,2,1,1,0,1,4,5.33333333333333,0,4,4,4.13,4.04333333333333,5,-2,1,4.66666666666667,12,3.5,3.66666666666667,2,0,2.25
217,6,4,4,4,4,46,57,5,1,2,0,0,0,1,4,4,0,0,0,0.77,0.256666666666667,5.25,-2,4,4.33333333333333,10,4,5,9,2,2
329,2,6,2,6,2,75,15,9,1,2,2,1,1,0,6,5.5,5.5,4,4,4.2,4.06666666666667,6,-1.66666666666667,2,5.66666666666667,15,5,6,9,0,4
19,6,1,7,1,7,10,90,6,1,2,4,1,3,1,7,5.66666666666667,17,6,6,5.6,5.86666666666667,6.5,-0.333333333333333,7,6.83333333333333,19,3.75,5.66666666666667,10,2,5.75
223,2,5,4,6,4,65,50,6,1,2,1,0,1,0,6,0,0,2,1,1.05,1.35,4.5,-2,0,5.66666666666667,12,3,4,0,0,2
264,1,5,2,5,3,60,19,6,1,2,2,2,0,2,3,5,0,2,3,2.87,2.62333333333333,6.25,1.33333333333333,7,6.16666666666667,16,5.25,5.66666666666667,15,3,4
270,2,6,4,6,4,76,36,8,1,1,2,1,1,0,6,7,7,2,2,2.8,2.26666666666667,5.75,0.666666666666667,2,4.66666666666667,6,4,3,0,0,4.5
316,4,5,3,5,3,60,40,10,1,1,2,1,1,1,5,5.33333333333333,5.33333333333333,2,2,1.4,1.8,6.25,0.333333333333333,4,4.83333333333333,15,4.25,3.66666666666667,11,5,4.5
157,6,2,5,2,5,10,40,5,1,1,2,2,0,0,5,5.5,0,3,3,2.1,2.7,7,-2,7,4.5,12,3,6,3,0,6.75
330,4,4,4,4,4,50,50,8,1,2,1,2,1,0,6,7,7,0,0,0,0,6.5,-2,7,5.33333333333333,16,4,5.33333333333333,2,0,4.25
219,2,6,3,6,3,95,20,6,1,2,0,2,2,1,6,2.33333333333333,4.66666666666667,3,3,5.25,3.75,6.25,-1.33333333333333,1,5.16666666666667,12,3.75,6.33333333333333,0,0,3.5
17,2,7,7,7,7,51,52,6,1,2,3,2,1,1,5,7,7,0,0,0.07,0.0233333333333333,5.5,5,7,7,17,4,6,40,55,7
265,7,2,6,3,7,30,90,7,1,1,2,2,0,0,5,4.66666666666667,0,4,4,4.2,4.06666666666667,7,-0.666666666666667,7,5.16666666666667,13,5.5,5,5,0,6.25
288,2,7,2,6,2,72,2,8,2,2,2,0,2,1,6,4,8,4,5,4.9,4.63333333333333,6.25,-1.66666666666667,1,6,18,3.75,3,3,2,2.5
39,2,6,2,6,2,86,27,5,1,2,1,1,0,1,4,5.5,0,4,4,4.13,4.04333333333333,5.25,-2,2,5,1,4,4.66666666666667,3,0,2.5
173,4,2,1,2,1,28,0,22,1,1,0,1,1,0,6,7,7,1,1,1.96,1.32,5.25,-2,7,4.16666666666667,14,4,5.33333333333333,6,0,6
280,4,5,2,4,3,79,25,7,4,1,1,0,1,0,6,6,6,1,3,3.78,2.59333333333333,5.25,-2,2,6,14,4.25,6,2,0,4.25
131,4,4,4,4,4,50,50,6,7,1,0,1,1,0,6,4,4,0,0,0,0,4.25,-2,0,6.83333333333333,16,4,4,0,0,3.5
154,4,4,4,4,4,49,49,7,1,1,1,0,1,1,5,0,0,0,0,0,0,2,-2,0,4.33333333333333,2,3.75,2.33333333333333,0,0,2.25
191,6,2,6,4,6,21,80,4,1,2,2,2,0,1,4,1.66666666666667,0,2,4,4.13,3.37666666666667,4.25,0,0,5.16666666666667,5,3.75,2.33333333333333,0,0,1.5
3,4,6,1,6,2,81,10,5,1,2,1,0,1,0,6,0,0,4,5,4.97,4.65666666666667,4.5,-1.33333333333333,3,7,13,4,2.33333333333333,1,0,2
236,4,6,3,6,3,70,28,6,1,2,0,1,1,1,5,1,1,3,3,2.94,2.98,2.5,-2,3,6.66666666666667,13,3,3,4,0,1.5
187,2,5,2,6,2,73,27,6,1,1,1,1,0,0,5,4,0,4,3,3.22,3.40666666666667,4.25,3.33333333333333,3,5.16666666666667,15,3.75,4,12,22,5
60,6,4,5,4,4,50,78,8,1,2,0,1,1,0,6,4,4,0,1,1.96,0.986666666666667,4,-1.33333333333333,2,6.16666666666667,7,4,3.66666666666667,2,0,4
137,2,6,4,6,4,86,53,6,1,2,1,1,0,0,5,5,0,2,2,2.31,2.10333333333333,5,-1,0,4.33333333333333,12,5.75,4.33333333333333,4,3,1.75
50,4,3,4,3,5,19,60,6,1,1,0,3,3,0,8,3.66666666666667,11,2,1,2.87,1.95666666666667,5.25,-2,5,4,9,4,5.33333333333333,4,0,4.25
339,4,4,4,4,4,52,48,5,1,1,1,1,0,1,4,4,0,0,0,0.28,0.0933333333333333,3,-2,3,2,3,4,4.66666666666667,0,2,2
230,6,1,7,1,5,4,70,6,1,1,1,1,0,0,5,1,0,4,6,4.62,4.87333333333333,1.5,-2,0,5.33333333333333,15,4,5.33333333333333,3,0,2.75
198,6,2,6,2,6,4,71,7,1,2,0,1,1,0,6,5,5,4,4,4.69,4.23,5,-2,1,6.83333333333333,17,4,5.66666666666667,1,0,4
224,4,4,4,4,5,30,60,5,5,2,0,1,1,0,6,4,4,1,0,2.1,1.03333333333333,4.75,-2,2,5.33333333333333,12,4,5.66666666666667,1,1,1.5
266,4,4,4,4,4,50,50,7,1,1,1,1,0,1,4,6,0,0,0,0,0,6,-0.333333333333333,2,6,16,3.5,3.66666666666667,7,0,4
326,2,6,3,6,3,55,40,6,1,2,2,2,0,4,1,5.8,0,3,3,1.05,2.35,5.5,-2,2,4.83333333333333,7,3.25,3.66666666666667,5,0,4.75
322,6,2,6,2,6,19,77,4,1,2,4,2,2,1,6,5,10,4,4,4.06,4.02,5.75,-0.333333333333333,7,6.33333333333333,15,3.75,5.66666666666667,5,0,5
34,6,2,5,3,6,50,80,9,1,1,1,1,0,1,4,5,0,3,3,2.1,2.7,6,2.33333333333333,4,3.5,0,3,4.66666666666667,1,0,4.5
324,4,4,4,5,4,29,30,9,1,1,1,1,0,0,5,4,0,1,0,0.07,0.356666666666667,4.5,1,4,5.66666666666667,7,3.25,3.66666666666667,19,27,4.5
221,6,1,7,1,7,10,91,4,1,2,1,0,1,0,6,0,0,6,6,5.67,5.89,6,0.666666666666667,3,6.33333333333333,14,3.25,4.66666666666667,5,0,5.25
107,2,7,2,7,2,92,19,4,1,2,2,0,2,0,7,0,0,5,5,5.11,5.03666666666667,4,-1,0,5.5,8,4,3.33333333333333,2,0,1.25
59,2,6,5,6,5,50,50,6,4,1,2,0,2,3,4,2,4,1,1,0,0.666666666666667,4.5,-2,2,5.66666666666667,16,4.25,3.33333333333333,2,4,3.25
20,4,5,4,5,4,61,50,19,1,1,0,1,1,1,5,4,4,1,1,0.77,0.923333333333333,4,-1,1,1.66666666666667,-1,4,4,0,0,1.25
345,4,4,4,4,4,50,50,5,1,1,5,5,0,5,0,1,0,0,0,0,0,1.75,-2,1,2.33333333333333,-4,1.75,4.66666666666667,0,0,1
101,2,6,1,6,2,80,30,6,1,2,1,2,1,1,5,4.66666666666667,4.66666666666667,4,5,3.5,4.16666666666667,5,-2,1,4,6,4.25,5.66666666666667,3,0,3.25
161,4,4,4,4,4,50,50,8,1,1,3,2,1,1,5,7,7,0,0,0,0,5.5,5,7,5.66666666666667,5,3.75,4,2,1,3.25
36,2,5,4,5,4,54,51,7,1,2,2,2,0,0,5,6,0,1,1,0.21,0.736666666666667,6,2.33333333333333,6,5.83333333333333,12,4,3.66666666666667,19,24,3.75
75,6,3,6,4,6,20,80,7,1,1,1,2,1,3,3,4.33333333333333,4.33333333333333,2,3,4.2,3.06666666666667,5.5,-0.333333333333333,2,6,14,3.25,4.33333333333333,2,0,4.25
244,4,5,3,5,3,60,40,6,1,2,2,2,0,2,3,5.66666666666667,0,2,2,1.4,1.8,6.25,1.66666666666667,7,6,12,2.25,5.33333333333333,4,6,5
242,4,5,5,5,5,51,51,5,1,2,0,1,1,0,6,6,6,0,0,0,0,3.5,-1.33333333333333,0,5.5,11,2.75,5.33333333333333,7,4,4
104,4,4,5,3,5,45,60,5,1,2,3,3,0,3,2,4,0,2,1,1.05,1.35,2.75,-2,1,4.33333333333333,11,4,4,2,0,2
81,4,7,7,1,1,88,3,8,1,2,1,2,1,1,5,5,5,0,0,5.95,1.98333333333333,1,-1.33333333333333,2,7,16,1.75,4.33333333333333,4,0,1
243,6,4,5,3,4,30,72,5,1,2,1,1,0,2,3,4,0,1,1,2.94,1.64666666666667,5,1,NA,5.66666666666667,16,4,5.33333333333333,8,1,4.5
6,6,3,5,3,5,66,37,4,1,1,1,2,1,0,6,5.5,5.5,2,2,2.03,2.01,6.25,-0.666666666666667,5,4.83333333333333,12,3.5,4.66666666666667,0,2,4.5
304,2,5,1,6,2,70,19,6,7,2,1,1,0,0,5,2.5,0,4,4,3.57,3.85666666666667,2.5,-2,1,5,16,5,7,22,7,5
292,6,1,7,1,7,8,84,9,1,1,3,0,3,0,8,0,0,6,6,5.32,5.77333333333333,4,1,3,5,16,3.5,4.66666666666667,16,22,4
328,6,4,5,4,5,30,70,7,1,2,2,1,1,1,5,7,7,1,1,2.8,1.6,6,-2,5,4.66666666666667,13,2.75,6.66666666666667,0,0,5.5
206,2,5,3,4,4,70,20,6,2,2,4,2,2,3,4,4,8,0,2,3.5,1.83333333333333,4.5,-1.66666666666667,1,6.66666666666667,17,3.75,3.66666666666667,2,0,2.5
22,4,4,4,4,4,51,50,6,1,2,0,1,1,0,6,5,5,0,0,0.07,0.0233333333333333,5.25,-2,3,4.83333333333333,16,4,3.33333333333333,1,0,3
42,6,1,7,1,7,0,100,9,1,2,3,0,3,1,7,0,0,6,6,7,6.33333333333333,4.25,0.666666666666667,3,6,13,3.25,4.33333333333333,4,0,1.75
15,6,3,4,4,4,40,50,5,1,2,4,2,2,1,6,5.33333333333333,10.6666666666667,0,1,0.7,0.566666666666667,6.25,1.66666666666667,3,6,16,4.75,3.33333333333333,2,3,4.75
192,6,2,5,2,5,34,57,9,1,1,1,0,1,1,5,0,0,3,3,1.61,2.53666666666667,3.75,-1.33333333333333,3,5.66666666666667,11,4.75,4.33333333333333,12,1,3.5
290,4,3,5,4,4,40,60,4,1,2,3,2,1,1,5,4.5,4.5,0,2,1.4,1.13333333333333,4.75,-2,7,6.33333333333333,6,4,4,2,4,3
261,6,2,6,1,5,20,75,4,1,2,0,1,1,0,6,7,7,4,4,3.85,3.95,7,1.66666666666667,1,5.33333333333333,3,2,4.66666666666667,2,0,6.5
76,6,2,6,3,7,25,90,8,1,2,1,1,0,1,4,3,0,4,4,4.55,4.18333333333333,3.75,1.33333333333333,0,6,15,4.5,3.66666666666667,1,0,3.25
325,6,3,5,2,5,40,60,5,1,2,0,2,2,1,6,4.66666666666667,9.33333333333333,3,2,1.4,2.13333333333333,5.5,-1.33333333333333,0,5,12,4,3,0,0,2.75
28,4,4,4,4,4,8,8,5,3,1,0,1,1,0,6,6,6,0,0,0,0,3.25,-2,0,6.16666666666667,11,4,4,1,0,2.25
185,2,6,2,6,2,60,50,5,1,2,2,1,1,0,6,5,5,4,4,0.7,2.9,5,-1,1,6.33333333333333,17,4,3,2,0,1.75
201,6,5,6,5,6,52,55,6,1,2,3,1,2,1,6,4.33333333333333,8.66666666666667,1,1,0.21,0.736666666666667,3.5,-2,4,4,5,4.25,3.33333333333333,2,0,1.5
258,6,2,5,2,6,10,75,7,1,2,2,1,1,1,5,3.5,3.5,4,3,4.55,3.85,5.75,-1.66666666666667,3,4.16666666666667,9,2.75,4,2,0,5.25
146,7,1,7,1,7,4,100,5,1,1,1,2,1,0,6,2,2,6,6,6.72,6.24,3.75,0,1,4.33333333333333,9,3.5,4.33333333333333,8,19,4
275,4,4,4,4,4,50,50,4,1,2,1,1,0,0,5,6,0,0,0,0,0,4,-1.33333333333333,1,4.33333333333333,6,3,5,3,0,1
139,7,3,7,2,7,10,100,12,1,1,1,2,1,3,3,5.25,5.25,5,4,6.3,5.1,5.75,0.666666666666667,3,4.5,10,4,6,21,0,5
74,6,2,4,3,4,33,52,5,1,1,1,1,0,1,4,4.66666666666667,0,1,2,1.33,1.44333333333333,4.25,1.66666666666667,4,4.83333333333333,15,3.25,5.33333333333333,9,1,2
121,NA,NA,NA,NA,NA,NA,NA,NA,NA,NA,0,0,0,0,5,0,0,NA,NA,NA,NA,NA,NA,NA,NA,NA,NA,NA,NA,NA,NA
147,1,6,2,7,2,91,30,19,1,1,0,2,2,0,7,7,14,5,4,4.27,4.42333333333333,7,0,7,2.33333333333333,-4,2.75,4.66666666666667,9,20,6.5
312,2,6,4,6,4,71,49,5,3,1,4,2,2,3,4,4.5,9,2,2,1.54,1.84666666666667,5,5,1,4.83333333333333,16,4,5,8,0,4.5
342,6,2,6,2,6,33,83,7,1,2,0,1,1,0,6,2,2,4,4,3.5,3.83333333333333,6.25,-2,1,5.33333333333333,13,4.5,4.66666666666667,1,0,4.75
337,2,5,3,4,4,65,18,8,2,2,1,1,0,0,5,4,0,0,2,3.29,1.76333333333333,5.5,-2,3,3.33333333333333,1,3.5,4.66666666666667,4,0,5
212,4,4,4,4,4,50,50,8,4,2,2,1,1,0,6,2,2,0,0,0,0,4,0.333333333333333,2,5.33333333333333,14,3.5,3.66666666666667,1,0,3
238,6,2,7,2,6,10,91,6,1,1,1,1,0,1,4,6,0,4,5,5.67,4.89,5,1.33333333333333,4,5,12,5.25,4.33333333333333,4,2,3.75
313,NA,NA,NA,NA,NA,NA,NA,NA,NA,NA,0,0,0,0,5,0,0,NA,NA,NA,NA,NA,NA,NA,4.16666666666667,8,NA,NA,NA,NA,NA
178,7,2,7,2,7,0,100,4,3,1,1,1,0,3,2,4.75,0,5,5,7,5.66666666666667,6,-0.333333333333333,5,5.16666666666667,15,3.5,3,16,9,5.75
128,2,4,2,6,2,50,3,9,1,1,1,1,0,0,5,2,0,4,2,3.29,3.09666666666667,4,-2,0,2.33333333333333,0,3.75,5.33333333333333,0,0,2.75
63,4,4,4,4,4,50,50,6,1,2,3,2,1,2,4,4.25,4.25,0,0,0,0,4,0.666666666666667,2,4.5,13,4.5,4.33333333333333,8,17,2.75
334,4,4,4,4,4,50,50,7,1,1,2,2,0,2,3,5,0,0,0,0,0,4,-2,1,4.33333333333333,9,4.75,2.33333333333333,0,0,2.25
227,4,4,4,4,4,50,50,7,1,2,2,1,1,1,5,3.66666666666667,3.66666666666667,0,0,0,0,4.75,-0.666666666666667,1,4.33333333333333,16,3.5,3.66666666666667,6,11,3.5
205,6,2,5,4,7,50,50,4,5,2,3,2,1,1,5,5.66666666666667,5.66666666666667,3,3,0,2,4.25,1.66666666666667,3,6.5,20,3.5,4.33333333333333,2,0,2.75
257,2,7,1,7,2,100,19,7,1,2,3,1,2,1,6,3,6,5,6,5.67,5.55666666666667,5.5,-1.33333333333333,7,7,16,3.5,5,3,0,2.75
135,4,6,2,5,4,70,30,8,1,2,3,0,3,2,6,4,12,1,4,2.8,2.6,4.5,-1,4,5.33333333333333,20,4.25,6,4,0,4.75
143,2,6,4,6,4,80,50,7,2,2,2,0,2,0,7,0,0,2,2,2.1,2.03333333333333,5.5,-1,1,5.16666666666667,16,4,3.66666666666667,3,2,5
302,6,2,5,2,6,17,87,7,3,1,0,2,2,0,7,5.5,11,4,3,4.9,3.96666666666667,7,-2,7,2.83333333333333,20,3,5,0,3,7
202,6,3,4,3,2,32,59,6,1,2,0,1,1,1,5,4,4,1,1,1.89,1.29666666666667,3.75,-1,1,5,5,3.75,3.66666666666667,0,4,3
80,6,4,7,4,7,80,100,5,1,2,2,2,0,0,5,4.33333333333333,0,3,3,1.4,2.46666666666667,5,-0.333333333333333,3,5.33333333333333,3,4,6,0,0,4.5
82,6,4,4,4,4,50,50,7,1,2,2,2,0,1,4,2,0,0,0,0,0,4.75,-1,1,3.66666666666667,6,4,4.66666666666667,1,0,3.75
31,6,2,7,2,7,3,92,7,1,2,1,1,0,0,5,2,0,5,5,6.23,5.41,3.75,-1.33333333333333,2,6.16666666666667,16,4,3.33333333333333,2,0,4.25
105,4,7,4,5,4,70,50,5,1,2,2,1,1,2,4,6.33333333333333,6.33333333333333,1,3,1.4,1.8,6.75,-1.33333333333333,5,4.83333333333333,2,2.5,5.33333333333333,0,3,5.75
282,6,3,5,4,6,50,81,7,1,1,2,2,0,2,3,4.8,0,2,2,2.17,2.05666666666667,6.75,0.666666666666667,5,5.5,20,3.5,4.33333333333333,7,0,6.25
218,4,4,4,3,5,48,55,4,3,1,1,1,0,0,5,2,0,2,0,0.49,0.83,5,-2,0,4.33333333333333,14,4,5,0,0,3
284,6,4,6,4,6,40,60,7,1,1,1,2,1,2,4,4,4,2,2,1.4,1.8,6,0.333333333333333,7,3.16666666666667,16,4,4,0,0,4.25
305,4,5,4,5,4,0,0,6,1,2,1,0,1,0,6,0,0,1,1,0,0.666666666666667,3.5,-2,0,5,0,4,2.33333333333333,2,0,1
287,1,6,1,7,1,100,9,5,4,2,1,1,0,0,5,3,0,6,5,6.37,5.79,4.5,-1.33333333333333,3,6,13,4.25,3.33333333333333,5,3,2.25
49,2,5,4,4,4,54,56,4,1,1,1,0,1,1,5,0,0,0,1,0.14,0.38,5.5,0.666666666666667,3,4.5,9,4,3.33333333333333,3,0,4
254,4,6,4,6,4,76,41,6,1,2,1,2,1,0,6,7,7,2,2,2.45,2.15,7,-0.333333333333333,7,7,6,2,5.66666666666667,2,7,6.25
136,2,7,3,6,3,81,13,4,1,2,0,1,1,2,4,4,4,3,4,4.76,3.92,5,-2,4,5.66666666666667,4,2.5,3.66666666666667,0,0,2.5
295,1,5,1,5,1,70,1,7,1,1,1,2,1,1,5,4.75,4.75,4,4,4.83,4.27666666666667,7,-2,7,4,5,3.75,5,2,0,6.25
159,2,7,1,7,3,100,38,5,2,2,1,1,0,1,4,7,0,4,6,4.34,4.78,6.25,-1,3,4.66666666666667,9,4,6.66666666666667,5,7,5.5
216,2,5,2,5,3,64,35,4,1,2,2,1,1,0,6,5,5,2,3,2.03,2.34333333333333,5.75,-2,5,5.5,11,5.25,5,2,0,5
153,2,6,3,6,2,60,40,5,1,2,1,2,1,0,6,7,7,4,3,1.4,2.8,7,3,5,6,18,3.25,3.66666666666667,3,9,6.25
200,6,1,5,1,5,2,79,4,1,2,0,3,3,1,7,4.33333333333333,13,4,4,5.39,4.46333333333333,6,-1,4,5.16666666666667,12,3.75,3.33333333333333,1,0,5.5
213,4,6,2,5,3,62,38,6,1,2,1,0,1,1,5,4,4,2,4,1.68,2.56,3.25,-2,0,5.16666666666667,4,4,2.33333333333333,4,0,3.25
142,7,1,7,1,7,4,100,8,1,1,2,0,2,0,7,0,0,6,6,6.72,6.24,5,3,5,6,16,4,3.33333333333333,32,44,6
336,4,5,4,6,4,68,48,5,1,1,0,1,1,1,5,6,6,2,1,1.4,1.46666666666667,7,0.666666666666667,7,4.83333333333333,10,3.5,6,0,10,7
186,4,2,3,4,3,25,34,4,1,1,1,0,1,0,6,0,0,1,1,0.63,0.876666666666667,6,1.66666666666667,0,3.5,4,4,4.33333333333333,18,24,7
299,7,1,7,2,7,5,95,6,1,2,3,2,1,1,5,4.66666666666667,4.66666666666667,5,6,6.3,5.76666666666667,3.75,0,7,6.33333333333333,12,5,5,5,1,2.25
47,1,7,1,7,1,100,9,5,1,2,2,1,1,3,3,6.33333333333333,6.33333333333333,6,6,6.37,6.12333333333333,1.5,-2,4,3.5,10,4,5,2,1,1.25
199,4,4,4,4,4,50,50,6,1,2,0,1,1,1,5,4,4,0,0,0,0,2,-1.66666666666667,2,4.16666666666667,-4,5.25,3.33333333333333,4,3,2
321,2,7,5,6,4,91,51,5,1,2,1,0,1,0,6,0,0,2,2,2.8,2.26666666666667,4,-2,1,6.83333333333333,19,4,3,6,0,3.5
26,2,6,3,6,3,90,30,4,3,2,2,2,0,0,5,3.5,0,3,3,4.2,3.4,5.25,-1.33333333333333,0,4.83333333333333,6,3.75,3,4,0,4
45,4,4,1,4,1,49,6,6,1,1,0,2,2,3,4,4,8,3,3,3.01,3.00333333333333,5.75,-2,2,4.33333333333333,-1,3,4,0,0,4.25
276,1,7,1,7,1,100,1,5,2,2,2,0,2,0,7,0,0,6,6,6.93,6.31,6.25,-2,1,6.33333333333333,17,3.5,4,3,0,2.75
226,1,7,1,7,1,85,9,8,1,2,0,0,0,1,4,0,0,6,6,5.32,5.77333333333333,5.5,-2,3,4.83333333333333,13,3.5,5.33333333333333,4,0,5.25
347,2,4,4,4,4,50,50,6,4,2,1,1,0,0,5,4,0,0,0,0,0,5.5,-1.33333333333333,3,5.33333333333333,15,4,4,5,0,4
35,2,5,1,6,1,80,20,5,1,1,1,1,0,2,3,4.5,0,5,4,4.2,4.4,5.5,-2,7,3,13,4,3.33333333333333,NA,0,3.5
232,2,6,2,4,2,50,50,6,1,1,0,1,1,0,6,7,7,2,4,0,2,2.25,-2,7,5.66666666666667,10,3.75,4.33333333333333,2,0,2.25
303,1,5,2,6,2,97,3,5,1,2,1,2,1,3,3,4.5,4.5,4,3,6.58,4.52666666666667,6.5,-2,0,5.5,13,5.75,6,0,0,3.25
180,4,5,3,5,4,63,42,4,1,2,1,1,0,0,5,3,0,1,2,1.47,1.49,2.25,-2,0,3.83333333333333,-2,3.75,4,1,0,1.5
250,2,7,2,7,2,80,19,5,3,2,1,2,1,2,4,5,5,5,5,4.27,4.75666666666667,4,-1.66666666666667,1,6.66666666666667,15,6,2,4,1,3
165,2,7,1,7,2,100,29,4,1,1,2,3,1,1,5,5.2,5.2,5,6,4.97,5.32333333333333,4.75,0.333333333333333,4,4.83333333333333,4,3.75,4.33333333333333,7,11,4.25
341,7,1,7,4,7,10,90,4,1,1,1,1,0,1,4,4,0,3,6,5.6,4.86666666666667,6.5,-1.66666666666667,7,5.33333333333333,17,5,5.66666666666667,2,0,5.25
37,6,3,5,3,6,50,70,5,1,2,1,0,1,0,6,0,0,3,2,1.4,2.13333333333333,5.25,-1.66666666666667,3,5.16666666666667,7,3,6,1,0,4
88,2,4,5,7,4,50,50,5,2,1,2,2,0,0,5,2,0,3,1,0,1.33333333333333,6.5,-2,0,5.33333333333333,15,4,4.33333333333333,0,0,5.75
209,4,5,3,5,3,61,39,5,2,2,1,3,2,0,7,7,14,2,2,1.54,1.84666666666667,6.25,-2,2,4.83333333333333,12,4,5,2,0,5
123,2,7,1,7,1,96,10,7,3,1,1,0,1,0,6,6,6,6,6,6.02,6.00666666666667,5.75,-2,5,5.33333333333333,13,4,5.33333333333333,5,0,5
278,2,6,2,5,2,94,14,8,2,2,3,0,3,0,8,5,15,3,4,5.6,4.2,6,-2,5,5.83333333333333,15,4,5.66666666666667,7,5,6
43,6,4,6,4,6,50,NA,5,1,1,0,2,2,1,6,4.5,9,2,2,NA,NA,5.5,-1.33333333333333,1,4.83333333333333,9,4,4,4,0,4.25
140,4,4,2,4,3,50,47,8,1,1,1,1,0,0,5,7,0,1,2,0.21,1.07,4.5,-1.66666666666667,2,3.16666666666667,10,4,4,0,0,3.25
156,2,7,1,7,2,85,14,8,1,1,0,1,1,1,5,4,4,5,6,4.97,5.32333333333333,6.75,5,7,6.66666666666667,9,4.25,5,8,1,5.5
122,4,5,4,5,4,55,50,5,1,1,2,2,0,2,3,4.75,0,1,1,0.35,0.783333333333333,5.5,-0.666666666666667,7,4.83333333333333,11,3.75,5,13,0,4.25
16,2,7,7,6,6,84,22,11,1,1,1,2,1,0,6,7,7,0,0,4.34,1.44666666666667,4,1,4,4.66666666666667,-4,2,6,8,13,6.25
248,2,5,4,6,4,69,49,7,1,2,2,0,2,0,7,0,0,2,1,1.4,1.46666666666667,2.5,-0.666666666666667,1,6.16666666666667,16,4,3.33333333333333,14,0,2
293,1,7,1,7,1,100,0,5,1,2,3,1,2,2,5,5.66666666666667,11.3333333333333,6,6,7,6.33333333333333,5,-2,0,6.5,17,4.5,4.66666666666667,14,3,2.5
112,2,7,1,7,1,90,8,4,2,2,2,0,2,0,7,4,8,6,6,5.74,5.91333333333333,4,0,0,6.5,15,3.75,3.66666666666667,0,0,4
259,6,3,7,3,7,50,80,5,1,2,1,0,1,0,6,0,0,4,4,2.1,3.36666666666667,4.25,-1,2,5.5,8,4.5,2.66666666666667,0,0,3
162,4,4,3,4,3,40,35,7,1,1,1,1,0,1,4,4,0,1,1,0.35,0.783333333333333,6,-1.33333333333333,2,4,10,4.5,2,2,0,1.5
195,4,3,6,4,5,70,80,5,1,1,1,2,1,0,6,5,5,1,3,0.7,1.56666666666667,6,0,7,5.83333333333333,16,3.5,3.33333333333333,7,0,6.25
40,2,6,2,6,2,92,30,5,1,2,2,0,2,2,5,0,0,4,4,4.34,4.11333333333333,5.75,-1,2,6,16,4,4,1,0,4.25
74,NA,NA,NA,NA,NA,NA,NA,NA,NA,NA,0,0,0,0,5,0,0,NA,NA,NA,NA,NA,NA,NA,5,14,NA,NA,NA,NA,NA
89,2,6,2,7,3,83,19,6,2,1,1,0,1,0,6,0,0,4,4,4.48,4.16,5,0,2,6,11,3.75,3,30,0,4.75
98,6,2,6,2,6,40,79,6,1,2,1,0,1,0,6,0,0,4,4,2.73,3.57666666666667,4.75,-2,0,6.5,14,4.5,4.33333333333333,5,0,3.75
237,4,3,5,3,5,35,65,6,1,1,1,0,1,0,6,0,0,2,2,2.1,2.03333333333333,3.5,-2,2,5.83333333333333,0,2.5,5,1,0,2
77,6,2,6,2,5,31,78,7,1,1,1,2,1,1,5,3,3,3,4,3.29,3.43,5.5,-1,2,4.33333333333333,4,4,3.33333333333333,0,0,4.5
94,6,3,6,3,7,15,84,5,1,1,2,1,1,1,5,6,6,4,3,4.83,3.94333333333333,6,0.666666666666667,6,6.5,17,3,4.33333333333333,5,4,6.25
93,4,4,4,3,4,40,60,6,1,2,3,0,3,0,8,0,0,1,0,1.4,0.8,3.75,0,7,5.83333333333333,11,4,4,1,0,1
172,6,1,6,1,6,9,85,4,1,2,3,1,2,0,7,4,8,5,5,5.32,5.10666666666667,4.25,-1.33333333333333,2,6.33333333333333,13,3,4.66666666666667,0,0,2.75
9,1,7,1,7,1,95,1,5,1,2,0,1,1,1,5,3,3,6,6,6.58,6.19333333333333,5.75,-1,3,6,8,4.5,3,2,0,5
114,6,1,6,1,6,10,91,5,3,2,2,0,2,0,7,0,0,5,5,5.67,5.22333333333333,5,-1,1,5.66666666666667,9,4.5,3.33333333333333,1,0,2.75
23,6,2,5,2,6,9,81,6,1,2,1,2,1,0,6,6,6,4,3,5.04,4.01333333333333,5,-2,7,4.33333333333333,4,4,5.66666666666667,4,1,4.5
103,2,6,3,6,3,70,33,5,1,2,1,2,1,1,5,4.66666666666667,4.66666666666667,3,3,2.59,2.86333333333333,6.5,-1.33333333333333,2,3.16666666666667,10,3,4.66666666666667,2,0,4.75
65,6,4,5,4,5,60,75,7,1,1,2,2,0,1,4,4.5,0,1,1,1.05,1.01666666666667,5.75,-2,5,4.33333333333333,12,2.5,5.33333333333333,12,3,5.5
25,2,7,1,7,1,90,10,7,1,2,1,2,1,1,5,4.75,4.75,6,6,5.6,5.86666666666667,7,-1.33333333333333,7,6.16666666666667,12,1,7,7,0,7
127,2,6,2,6,2,85,15,5,1,2,1,2,1,0,6,5,5,4,4,4.9,4.3,5,-0.666666666666667,7,5.66666666666667,16,5,5.33333333333333,0,4,5
48,4,4,4,4,4,52,51,7,1,1,1,0,1,0,6,0,0,0,0,0.07,0.0233333333333333,5.5,1,3,4,10,4,5.33333333333333,18,0,7
311,4,5,4,4,3,50,35,5,1,1,1,2,1,0,6,4.5,4.5,1,1,1.05,1.01666666666667,5.75,2.33333333333333,6,4.33333333333333,13,4,5.66666666666667,2,0,6
233,2,6,2,6,2,90,10,4,1,1,0,0,0,1,4,0,0,4,4,5.6,4.53333333333333,6.25,-2,2,5.16666666666667,13,3,6.33333333333333,2,1,5
102,2,6,2,6,3,80,30,8,1,2,1,2,1,2,4,6,6,3,4,3.5,3.5,5.5,0.666666666666667,2,5.66666666666667,15,4,5,0,0,2.25
269,6,2,6,2,6,1,65,6,1,1,2,0,2,0,7,0,0,4,4,4.48,4.16,4.25,-1,0,3.16666666666667,7,4,3.33333333333333,0,0,2.5
8,NA,NA,NA,NA,NA,NA,NA,NA,NA,NA,0,0,0,0,5,0,0,NA,NA,NA,NA,NA,NA,NA,NA,NA,NA,NA,NA,NA,NA
92,4,4,4,4,4,51,50,6,3,2,2,0,2,0,7,4,8,0,0,0.07,0.0233333333333333,3.75,-1.66666666666667,3,6,11,3,4.66666666666667,0,0,2
76,NA,NA,NA,NA,NA,NA,NA,NA,NA,NA,0,0,0,0,5,0,0,NA,NA,NA,NA,NA,NA,NA,5.83333333333333,12,NA,NA,NA,NA,NA
150,6,4,5,4,4,39,60,5,1,1,1,0,1,0,6,0,0,0,1,1.47,0.823333333333333,2.5,-2,0,4.83333333333333,6,4,6,0,0,3.5
285,2,5,4,5,3,80,40,8,1,1,1,0,1,0,6,0,0,2,1,2.8,1.93333333333333,5.75,-1,3,5.16666666666667,11,4.5,4.66666666666667,8,4,4.5
167,2,4,4,4,4,50,50,5,1,2,3,0,3,2,6,6,18,0,0,0,0,4.5,-0.666666666666667,5,6,12,3,6,2,0,3.25
301,2,5,4,5,3,60,40,6,3,1,2,2,0,0,5,3.5,0,2,1,1.4,1.46666666666667,6.5,-2,3,6.16666666666667,17,3,6.33333333333333,8,7,4
55,6,5,6,2,5,23,75,5,1,1,1,1,0,0,5,6,0,3,1,3.64,2.54666666666667,4.5,-2,1,3.5,5,2.75,5.33333333333333,0,0,2.25
54,6,4,7,4,6,40,90,6,1,2,0,1,1,0,6,7,7,2,3,3.5,2.83333333333333,7,0.666666666666667,7,3.83333333333333,15,4.25,4.66666666666667,7,1,6.25
214,4,6,5,3,6,20,80,6,2,1,2,2,0,0,5,4,0,3,1,4.2,2.73333333333333,6,1.33333333333333,3,5.66666666666667,17,3.75,4,0,0,4
240,1,7,1,7,1,100,1,4,1,2,4,0,4,1,8,4,16,6,6,6.93,6.31,4.25,1.33333333333333,2,5.33333333333333,7,3.75,5,4,0,4.25
331,2,7,4,5,3,68,43,5,2,2,2,0,2,0,7,0,0,2,3,1.75,2.25,3.5,0.333333333333333,3,5,14,4,5.66666666666667,3,1,1
51,6,2,6,2,6,40,80,10,1,1,1,1,0,0,5,3,0,4,4,2.8,3.6,6.5,-2,4,4.66666666666667,7,4,5.66666666666667,0,0,6
53,6,1,6,2,6,20,70,8,1,2,0,1,1,0,6,4,4,4,5,3.5,4.16666666666667,4.25,-1,1,5,7,4.25,4,6,2,4.25
283,4,6,3,5,2,70,40,12,1,2,1,2,1,1,5,5.66666666666667,5.66666666666667,3,3,2.1,2.7,6.75,-1.33333333333333,3,1.16666666666667,-4,3.75,3.33333333333333,1,1,4.25
14,4,5,1,5,1,70,1,8,1,2,1,2,1,0,6,5.66666666666667,5.66666666666667,4,4,4.83,4.27666666666667,5,-2,3,5.66666666666667,16,4.5,6,5,0,4
229,4,4,4,4,4,50,50,5,4,2,0,2,2,1,6,2.66666666666667,5.33333333333333,0,0,0,0,3,-1.33333333333333,1,5.66666666666667,18,5,4.33333333333333,11,0,2.5
145,4,1,1,1,1,45,45,6,1,1,1,2,1,1,5,6,6,0,0,0,0,5.5,-2,7,3.33333333333333,7,4,4.66666666666667,0,0,3.5
327,7,1,7,2,7,100,9,7,1,2,2,2,0,2,3,4.4,0,5,6,6.37,5.79,7,2.33333333333333,5,4.66666666666667,19,4,5,13,0,5.25
309,4,5,1,5,1,70,0,4,1,1,0,2,2,1,6,4,8,4,4,4.9,4.3,6.25,-2,1,5.16666666666667,14,6.75,6.66666666666667,18,2,6
175,4,3,2,2,1,19,1,16,1,1,1,1,0,0,5,5,0,1,1,1.26,1.08666666666667,2.5,-1.33333333333333,0,3.33333333333333,1,3.75,4.66666666666667,1,0,1
141,4,3,3,4,4,55,52,7,2,1,3,0,3,1,7,4,12,0,0,0.21,0.07,6,0.666666666666667,5,5.33333333333333,15,3.5,4,17,16,5.75
307,4,4,4,4,4,50,50,8,1,1,1,1,0,0,5,3,0,0,0,0,0,2,-2,2,5.16666666666667,9,4,3,2,0,2
5,4,5,3,6,3,63,26,5,1,2,1,2,1,1,5,4.33333333333333,4.33333333333333,3,2,2.59,2.53,5.5,-2,2,6,11,3,3.66666666666667,1,0,2
344,6,4,4,4,4,49,50,6,2,2,0,1,1,0,6,4,4,0,0,0.07,0.0233333333333333,5.75,NA,NA,5.66666666666667,16,4,4.66666666666667,17,0,4.25
67,2,6,2,6,3,80,45,5,1,1,1,2,1,1,5,3,3,3,4,2.45,3.15,6.5,1,1,4.66666666666667,7,4.5,4.33333333333333,2,0,2.25
144,2,7,1,7,1,98,2,5,2,2,3,0,3,1,7,0,0,6,6,6.72,6.24,2.25,-2,2,5.16666666666667,15,3.75,4,2,0,1
255,6,3,7,3,7,51,100,7,1,2,3,0,3,0,8,0,0,4,4,3.43,3.81,4,-0.666666666666667,3,7,20,4.75,3.33333333333333,3,0,2
32,4,4,4,4,4,50,50,5,1,2,2,3,1,2,4,1.66666666666667,1.66666666666667,0,0,0,0,2.25,-2,1,4.33333333333333,3,3.75,4.33333333333333,0,0,1.5
194,2,5,3,5,3,70,50,4,1,2,0,1,1,1,5,4,4,2,2,1.4,1.8,4.5,-2,1,5.33333333333333,11,3.25,4.33333333333333,1,1,2.75
314,7,1,7,1,7,10,90,5,1,1,1,1,0,0,5,7,0,6,6,5.6,5.86666666666667,7,2,4,3.5,-3,4.25,4,8,4,5.75
13,4,4,4,5,3,57,49,8,1,2,2,0,2,1,6,4,8,2,0,0.56,0.853333333333333,5.75,-1,4,6,15,4.25,5.33333333333333,7,0,5.5
12,6,2,6,2,6,NA,80,15,1,2,2,1,1,0,6,2,2,4,4,NA,NA,3.25,-1.33333333333333,0,6,11,5.5,2.33333333333333,1,0,3
87,6,2,7,2,7,15,87,5,1,1,1,1,0,2,3,3,0,5,5,5.04,5.01333333333333,5.5,0.666666666666667,3,4.83333333333333,9,4.25,4.66666666666667,2,0,3.5
164,6,4,6,4,6,50,70,9,1,1,2,2,0,1,4,5,0,2,2,1.4,1.8,6.75,1,4,5.16666666666667,19,3,2.66666666666667,13,0,5.5
231,4,1,1,1,1,6,21,5,2,2,2,0,2,0,7,0,0,0,0,1.05,0.35,3.75,2,4,3.33333333333333,9,4,3.66666666666667,19,32,4.25
268,6,4,7,4,7,10,81,4,1,1,1,0,1,1,5,0,0,3,3,4.97,3.65666666666667,3.75,-1.33333333333333,0,4,11,3.75,4,0,0,5
220,6,2,6,3,6,20,91,4,1,2,2,2,0,1,4,5.5,0,3,4,4.97,3.99,4,-2,4,6.16666666666667,20,4,4.66666666666667,2,0,1.5
46,2,5,3,5,3,50,24,9,2,2,1,1,0,1,4,5,0,2,2,1.82,1.94,7,0,6,6.5,11,4,7,20,19,6.25
94,6,2,6,2,6,20,80,5,1,1,1,1,0,1,4,6,0,4,4,4.2,4.06666666666667,5,0.333333333333333,3,6.16666666666667,14,4,3.66666666666667,4,6,5.75
69,4,1,1,1,1,1,2,12,1,1,0,1,1,0,6,3,3,0,0,0.07,0.0233333333333333,5.25,-2,5,5.5,18,4,5,0,5,4.75
84,6,4,5,5,6,40,61,7,1,2,0,0,0,1,4,5,0,1,1,1.47,1.15666666666667,5.25,1,2,5,13,3.5,5.66666666666667,8,0,4.75
145,4,1,1,1,1,30,30,6,1,1,1,1,0,1,4,6,0,0,0,0,0,6,-2,5,4.16666666666667,16,3.5,4,0,0,2.25
348,4,5,5,4,4,81,38,9,4,1,1,0,1,1,5,6,6,0,0,3.01,1.00333333333333,5.25,3.33333333333333,6,6.33333333333333,17,4,2.66666666666667,26,36,6.25
95,2,6,5,7,3,99,0,7,7,1,3,0,3,0,8,0,0,4,1,6.93,3.97666666666667,3.25,-1,0,6.66666666666667,16,4.5,3.33333333333333,13,0,3.5
210,4,7,2,7,2,100,20,4,1,2,3,2,1,2,4,5.8,5.8,5,5,5.6,5.2,6.5,1,4,5.83333333333333,15,4,3.66666666666667,11,4,5.5
183,4,4,4,4,4,51,50,7,1,1,1,1,0,2,3,6,0,0,0,0.07,0.0233333333333333,7,-0.666666666666667,4,4.5,7,4,5,7,0,6
83,6,2,6,3,5,29,60,4,1,1,0,0,0,1,4,0,0,2,4,2.17,2.72333333333333,3,0.333333333333333,0,4.16666666666667,16,3.75,4,0,0,4
346,6,3,6,3,6,25,80,6,1,1,0,0,0,1,4,4,0,3,3,3.85,3.28333333333333,6.25,1.66666666666667,5,6,17,3.25,4.66666666666667,7,0,5.75
338,4,4,4,4,4,50,50,5,4,1,2,1,1,2,4,4,4,0,0,0,0,3.75,-2,0,5,10,4,2,0,0,3.25
133,NA,NA,NA,NA,NA,NA,NA,NA,NA,NA,0,0,0,0,5,0,0,NA,NA,NA,NA,NA,NA,NA,NA,NA,NA,NA,NA,NA,NA
96,NA,NA,NA,NA,NA,NA,NA,NA,NA,NA,0,0,0,0,5,0,0,NA,NA,NA,NA,NA,NA,NA,6.5,15,2.75,4.33333333333333,3,NA,NA
325,NA,NA,NA,NA,NA,NA,NA,NA,NA,NA,0,0,0,0,5,0,0,NA,NA,NA,NA,NA,NA,NA,NA,NA,NA,NA,NA,NA,NA
125,NA,NA,NA,NA,NA,NA,NA,NA,NA,NA,0,0,0,0,5,0,0,NA,NA,NA,NA,NA,NA,NA,5.33333333333333,NA,NA,NA,NA,NA,NA
241,NA,NA,NA,NA,NA,NA,NA,NA,NA,NA,0,0,0,0,5,0,0,NA,NA,NA,NA,2.75,NA,NA,4.33333333333333,3,3.75,2.33333333333333,0,0,2
211,NA,NA,NA,NA,NA,NA,NA,NA,NA,NA,0,0,0,0,5,0,0,NA,NA,NA,NA,NA,NA,NA,NA,NA,NA,NA,NA,NA,NA
25,NA,NA,NA,NA,NA,NA,NA,NA,NA,NA,0,0,0,0,5,0,0,NA,NA,NA,NA,NA,NA,NA,NA,NA,NA,NA,NA,NA,NA
158,7,2,7,2,7,10,90,5,1,1,1,1,0,1,4,6,0,5,5,5.6,5.2,7,0.333333333333333,5,5,11,3,4.66666666666667,2,0,7
66,NA,NA,NA,NA,NA,NA,NA,NA,NA,NA,0,0,0,0,5,0,0,NA,NA,NA,NA,NA,NA,NA,NA,NA,NA,NA,NA,NA,NA
107,NA,NA,NA,NA,NA,NA,NA,NA,NA,NA,0,0,0,0,5,0,0,NA,NA,NA,NA,NA,NA,NA,NA,NA,NA,NA,NA,NA,NA
281,NA,NA,NA,NA,NA,NA,NA,NA,NA,NA,0,1,1,0,6,3,3,NA,NA,NA,NA,NA,NA,NA,NA,NA,NA,NA,NA,NA,NA
30,NA,NA,NA,NA,NA,NA,NA,NA,NA,NA,0,0,0,0,5,0,0,NA,NA,NA,NA,NA,NA,NA,NA,NA,NA,NA,NA,NA,NA
10,NA,NA,NA,NA,NA,NA,NA,NA,NA,NA,0,0,0,0,5,0,0,NA,NA,NA,NA,NA,NA,NA,NA,NA,NA,NA,NA,NA,NA
91,NA,NA,NA,NA,NA,NA,NA,NA,NA,NA,1,0,1,0,6,0,0,NA,NA,NA,NA,4.75,-2,3,5.83333333333333,3,4.5,2,1,0,2.75
317,4,5,1,3,1,10,1,4,4,1,0,2,2,0,7,6,12,2,4,0.63,2.21,6.25,-1,5,6.16666666666667,11,2.25,7,0,0,5.25
57,NA,NA,NA,NA,NA,NA,NA,NA,NA,NA,0,0,0,0,5,0,0,NA,NA,NA,NA,NA,NA,NA,5.33333333333333,16,4.25,6,7,NA,NA
184,2,6,2,6,2,73,17,6,4,2,1,1,0,0,5,7,0,4,4,3.92,3.97333333333333,4.5,-1.33333333333333,5,5,7,4.75,3.33333333333333,0,0,2
296,1,7,1,7,1,100,1,6,1,2,1,2,1,1,5,5.75,5.75,6,6,6.93,6.31,7,4.33333333333333,7,4,10,4.25,6.33333333333333,11,10,7
215,4,4,5,3,5,45,65,7,1,2,1,3,2,2,5,4.75,9.5,2,1,1.4,1.46666666666667,5.5,-1.66666666666667,3,6,10,3.5,5.66666666666667,1,0,5.75
179,2,5,3,4,4,71,30,4,1,1,1,0,1,0,6,0,0,0,2,2.87,1.62333333333333,2.25,NA,1,6.33333333333333,20,3.25,2,0,0,4.25
113,2,6,2,6,2,82,30,6,1,2,0,3,3,1,7,7,21,4,4,3.64,3.88,7,-2,7,4.83333333333333,16,3.25,6.66666666666667,8,4,6.75
71,6,3,7,3,7,28,70,6,3,2,1,4,3,0,8,5.2,15.6,4,4,2.94,3.64666666666667,5.25,0.666666666666667,4,5,6,3.5,3.66666666666667,0,0,4.5
106,1,6,3,6,3,80,30,8,1,2,2,1,1,2,4,5,5,3,3,3.5,3.16666666666667,6.75,5,5,5.83333333333333,14,4.25,6,8,0,5.75
